Ticker,Volume,Volume Weighted Avg,Open,Close,High,Low,Timestamp,No. Transactions
MMM,882383.0,129.2532,128.88,129.04,129.82,128.52,1669410000000,17117
AOS,455665.0,61.9155,61.69,61.86,62.2,61.48,1669410000000,6340
ABT,2558110.0,106.9772,106.67,106.96,107.349,106.505,1669410000000,27934
ABBV,1661909.0,159.907,159.59,159.62,160.75,159.2411,1669410000000,29501
ABMD,258929.0,377.6943,377.36,378.08,378.285,377.01,1669410000000,5823
ACN,677924.0,296.4952,294.3,296.4,297.52,294.3,1669410000000,14797
ATVI,9179830.0,73.5519,73.885,73.47,74.27,73.05,1669410000000,76634
ADM,748773.0,97.3159,97.27,97.4,97.55,96.8512,1669410000000,12775
ADBE,1197767.0,333.4917,332.885,334.3,335.51,332.01,1669410000000,25025
ADP,594686.0,264.0059,263.6,263.95,264.935,261.96,1669410000000,14260
AAP,579430.0,149.6375,150.76,150.0,150.78,148.35,1669410000000,12461
AES,1896615.0,28.7698,28.71,28.61,29.105,28.56,1669410000000,18874
AFL,1048083.0,72.5285,72.19,72.5,72.7,72.1,1669410000000,12945
A,642657.0,156.0577,155.09,156.96,156.96,154.71,1669410000000,11670
APD,299656.0,309.9259,308.72,309.91,311.13,307.71,1669410000000,9123
AKAM,381456.0,92.4279,91.82,92.52,92.64,91.81,1669410000000,7180
ALK,484320.0,46.9186,46.25,46.9,47.22,46.25,1669410000000,7984
ALB,1341936.0,270.2995,276.8,272.82,277.68,266.71,1669410000000,33158
ARE,352955.0,153.3851,152.27,154.12,154.35,152.08,1669410000000,6663
ALGN,387805.0,194.3476,194.82,194.67,196.28,190.99,1669410000000,10830
ALLE,192443.0,114.0583,113.42,114.32,114.37,112.58,1669410000000,5438
LNT,337532.0,56.477,56.25,56.45,56.67,56.21,1669410000000,6654
ALL,513838.0,135.0193,134.96,135.42,135.54,134.12,1669410000000,10204
GOOGL,9701441.0,97.7588,98.24,97.46,98.64,97.4,1669410000000,106897
GOOG,8555219.0,97.9261,98.465,97.6,98.94,97.53,1669410000000,79019
MO,2734811.0,44.9007,45.0,44.74,45.1489,44.645,1669410000000,26126
AMZN,35088609.0,93.7731,93.79,93.41,94.43,93.065,1669410000000,297836
AMCR,3198631.0,12.1095,12.13,12.08,12.175,12.06,1669410000000,10692
AMD,26018911.0,75.4426,75.67,75.14,76.0393,74.7495,1669410000000,143369
AEE,350012.0,88.6861,88.49,88.81,88.96,88.38,1669410000000,7336
AAL,9903925.0,14.5716,14.4,14.5,14.7,14.35,1669410000000,32028
AEP,1252039.0,95.3361,95.35,95.47,95.81,94.95,1669410000000,17943
AXP,665794.0,154.0233,153.52,154.15,154.47,153.17,1669410000000,12009
AIG,2160455.0,61.228,61.36,61.08,61.43,60.97,1669410000000,17550
AMT,566461.0,220.1662,219.64,220.08,221.24,218.38,1669410000000,12697
AWK,351534.0,152.7213,151.97,152.9,153.37,151.51,1669410000000,8665
AMP,164041.0,332.6189,331.29,332.41,334.0,330.47,1669410000000,6413
ABC,914962.0,167.5547,166.58,167.7,167.92,165.955,1669410000000,10393
AME,359948.0,142.6112,142.59,142.57,143.07,141.95,1669410000000,7186
AMGN,1220728.0,283.8914,281.95,283.74,285.57,281.41,1669410000000,22281
APH,793690.0,80.39,80.0,80.34,80.68,79.73,1669410000000,10416
ADI,1698649.0,167.7256,169.04,167.09,169.5,166.98,1669410000000,25487
ANSS,223954.0,246.3484,244.79,246.44,247.48,244.79,1669410000000,6111
AON,262996.0,306.2797,304.83,307.08,308.135,302.57,1669410000000,7917
APA,2876251.0,46.6252,47.2,46.43,47.2,46.1,1669410000000,29579
AAPL,35195860.0,148.1668,148.305,148.11,148.88,147.12,1669410000000,319570
AMAT,3012477.0,106.5264,106.92,105.82,107.5,105.79,1669410000000,27798
APTV,614340.0,105.7308,106.79,105.86,107.01,105.125,1669410000000,11829
ACGL,614807.0,58.6488,58.21,58.73,58.9,58.1506,1669410000000,9571
ANET,644909.0,136.2124,137.23,135.76,137.35,135.63,1669410000000,12188
AJG,633917.0,198.4425,198.0,199.29,199.61,197.7729,1669410000000,8718
AIZ,225408.0,128.2633,127.62,128.49,128.68,127.25,1669410000000,5986
T,13782713.0,19.1649,19.17,19.12,19.285,19.065,1669410000000,43732
ATO,365895.0,118.7874,118.33,119.16,119.24,118.27,1669410000000,7162
ADSK,1318187.0,199.5364,196.79,200.66,200.96,196.25,1669410000000,28886
AZO,60799.0,2558.583,2535.6,2562.12,2575.285,2526.77,1669410000000,5873
AVB,220012.0,169.779,169.24,170.06,170.24,169.115,1669410000000,6526
AVY,186945.0,192.1849,193.8,192.36,193.8,191.05,1669410000000,6413
BKR,2689317.0,28.6995,28.7,28.5,29.03,28.46,1669410000000,28097
BALL,526913.0,56.0999,56.34,56.17,56.61,55.665,1669410000000,8693
BAC,16118501.0,37.7214,37.72,37.7,37.865,37.56,1669410000000,43703
BBWI,1958446.0,40.1142,40.17,40.37,40.43,39.57,1669410000000,19884
BAX,2125116.0,56.0514,56.46,56.0,56.73,55.7,1669410000000,18707
BDX,374999.0,238.0782,237.84,238.06,238.79,236.5,1669410000000,8638
WRB,451757.0,75.0438,74.72,75.19,75.37,74.53,1669410000000,7869
BRK.B,1844916.0,317.3208,317.52,317.43,319.12,316.18,1669410000000,33170
BBY,2343631.0,82.0634,82.25,81.23,83.2924,81.1,1669410000000,32555
BIO,54007.0,404.4261,402.89,404.06,406.5399,400.765,1669410000000,3214
TECH,114194.0,336.9707,335.21,338.97,343.1,334.74,1669410000000,4803
BIIB,470765.0,305.219,304.35,305.15,307.527,302.7,1669410000000,11058
BLK,301551.0,736.4409,734.46,737.78,739.85,727.65,1669410000000,12009
BK,1146691.0,45.6792,45.52,45.67,45.85,45.4,1669410000000,14013
BA,3476919.0,177.1192,174.35,178.36,178.46,174.0301,1669410000000,44301
BKNG,168803.0,1982.0686,1968.48,1984.63,1996.28,1963.22,1669410000000,8832
BWA,770660.0,42.1237,42.08,42.24,42.28,41.83,1669410000000,11732
BXP,933796.0,71.2788,70.13,71.65,72.03,69.86,1669410000000,14781
BSX,1313151.0,44.1567,44.08,44.15,44.29,44.0,1669410000000,11823
BMY,4734955.0,79.3758,79.31,79.24,79.78,79.14,1669410000000,36127
AVGO,745539.0,531.4105,530.69,529.91,534.58,529.48,1669410000000,21302
BR,257884.0,148.5986,148.24,148.52,149.36,147.78,1669410000000,7740
BRO,472452.0,59.2398,58.95,59.26,59.52,58.79,1669410000000,7706
BF.B,265029.0,72.5369,72.5,72.73,72.73,72.33,1669410000000,5691
CHRW,365987.0,98.4233,98.16,98.76,98.79,97.785,1669410000000,8478
CDNS,441076.0,167.5493,167.51,167.31,168.35,166.94,1669410000000,7920
CZR,2124717.0,49.4499,48.7,49.68,49.71,48.41,1669410000000,13188
CPT,302532.0,117.7285,117.51,118.13,118.345,117.095,1669410000000,7095
CPB,911404.0,52.9007,52.76,53.04,53.11,52.66,1669410000000,10139
COF,589204.0,101.6118,101.14,101.72,101.95,100.9,1669410000000,11190
CAH,1118711.0,79.0294,79.01,78.95,79.72,78.5,1669410000000,16468
KMX,567973.0,67.181,66.14,66.76,67.8799,66.14,1669410000000,10156
CCL,23780814.0,9.7858,9.7,9.73,9.93,9.635,1669410000000,49195
CARR,986255.0,44.2411,44.2,44.21,44.41,44.1,1669410000000,11700
CTLT,760715.0,41.6164,41.88,41.39,42.0,41.36,1669410000000,10263
CAT,1034795.0,235.7896,237.0,235.7,237.49,235.19,1669410000000,23126
CBOE,214088.0,126.1927,125.25,125.85,127.0,124.6875,1669410000000,6732
CBRE,589000.0,77.2176,76.47,77.28,77.64,76.405,1669410000000,10036
CDW,231939.0,188.5299,188.78,188.2,189.43,188.0,1669410000000,4865
CE,301669.0,104.7442,104.03,104.64,105.82,103.84,1669410000000,8063
CNC,1511429.0,84.7867,83.8,84.86,85.19,83.8,1669410000000,16673
CNP,1060521.0,31.0597,30.89,31.04,31.19,30.89,1669410000000,8587
CDAY,342106.0,66.9792,66.48,67.1,67.29,66.07,1669410000000,5783
CF,1044411.0,108.7507,106.35,108.62,109.78,106.18,1669410000000,19303
CRL,124509.0,241.4458,241.03,242.92,243.27,239.43,1669410000000,4870
SCHW,1683386.0,81.4831,81.64,81.61,81.78,80.88,1669410000000,20098
CHTR,444857.0,391.5363,393.06,390.11,394.4,387.76,1669410000000,16066
CVX,2796407.0,184.078,184.89,183.7,185.3,183.31,1669410000000,45047
CMG,87499.0,1514.5506,1508.77,1515.2,1519.19,1502.21,1669410000000,4676
CB,639352.0,215.9298,215.0,216.23,216.59,214.6625,1669410000000,12216
CHD,495661.0,78.6377,78.94,78.89,78.94,78.18,1669410000000,8681
CI,921442.0,322.7809,322.07,323.9,324.11,319.95,1669410000000,17123
CINF,173172.0,109.5608,109.24,109.83,109.936,108.91,1669410000000,5647
CTAS,113283.0,457.1475,457.73,456.27,458.92,454.9,1669410000000,5378
CSCO,8492585.0,48.5599,48.75,48.4,49.05,48.345,1669410000000,45105
C,6823564.0,48.3283,48.2,48.29,48.53,48.13,1669410000000,40922
CFG,1304218.0,41.9124,41.75,41.91,42.09,41.75,1669410000000,14117
CLX,655037.0,148.704,149.12,149.5,149.55,147.09,1669410000000,15051
CME,1086688.0,175.0183,176.44,175.0,176.74,174.0,1669410000000,18235
CMS,658943.0,61.2347,61.11,61.26,61.43,61.03,1669410000000,10001
KO,5165499.0,62.6767,62.73,62.69,62.81,62.38,1669410000000,41817
CTSH,1607368.0,60.9437,60.18,60.92,61.28,60.13,1669410000000,20092
CL,1388825.0,76.825,77.13,76.77,77.23,76.66,1669410000000,13891
CMCSA,10810902.0,35.7317,35.63,35.65,35.98,35.49,1669410000000,73901
CMA,279461.0,71.8728,72.03,71.85,72.19,71.5,1669410000000,5447
CAG,1093461.0,37.0818,37.0,37.12,37.165,36.98,1669410000000,10804
COP,2547757.0,127.08,126.89,126.81,127.77,126.5,1669410000000,37199
ED,830009.0,97.2539,97.03,97.5,97.6432,96.67,1669410000000,11628
STZ,383607.0,257.1182,256.7,257.49,257.615,254.93,1669410000000,10056
CEG,631686.0,96.9148,96.6,97.16,97.45,96.0,1669410000000,11546
COO,119366.0,313.299,315.01,314.38,315.7,309.255,1669410000000,5069
CPRT,748342.0,65.2848,66.17,65.09,66.36,65.06,1669410000000,12800
GLW,1414661.0,34.1831,34.01,34.12,34.37,34.0,1669410000000,14064
CTVA,704285.0,66.1342,66.0,66.33,66.33,65.61,1669410000000,9899
CSGP,1208348.0,79.954,80.25,79.98,81.005,79.35,1669410000000,17043
COST,744222.0,534.0243,534.16,533.66,535.86,533.07,1669410000000,25619
CTRA,3050890.0,27.7435,27.68,27.61,27.94,27.55,1669410000000,23469
CCI,1003488.0,141.505,141.36,141.19,142.28,140.44,1669410000000,17710
CSX,5838389.0,32.1317,32.28,32.02,32.335,31.985,1669410000000,29361
CMI,253387.0,250.3776,251.11,250.42,251.78,249.69,1669410000000,7775
CVS,2464847.0,101.1581,100.61,101.26,101.55,100.19,1669410000000,33739
DHI,953145.0,83.866,83.55,83.89,84.18,83.465,1669410000000,13435
DHR,868330.0,266.2197,264.96,267.04,267.45,264.42,1669410000000,16192
DRI,335996.0,148.5368,148.58,148.39,149.035,147.58,1669410000000,8594
DVA,360008.0,73.6565,72.72,73.92,73.99,72.545,1669410000000,8311
DE,1135508.0,439.7437,435.77,441.47,442.41,432.55,1669410000000,29274
DAL,4352610.0,35.0845,34.5,35.1,35.394,34.3558,1669410000000,28784
XRAY,614324.0,31.3174,30.93,31.48,31.565,30.68,1669410000000,8382
DVN,3520469.0,68.4851,68.45,68.35,69.1,67.96,1669410000000,35276
DXCM,1182919.0,112.0252,112.91,112.0,113.02,110.65,1669410000000,18843
FANG,984081.0,149.8932,151.3,149.32,151.8899,149.08,1669410000000,15723
DLR,431762.0,111.1206,111.37,111.27,112.27,110.59,1669410000000,8301
DFS,682605.0,108.6033,108.33,108.73,109.09,108.05,1669410000000,9962
DISH,1020578.0,15.9766,15.85,16.0,16.095,15.82,1669410000000,10998
DIS,6664281.0,99.2675,98.81,98.87,99.81,98.08,1669410000000,76738
DG,889040.0,256.3861,256.46,257.23,258.01,254.565,1669410000000,20152
DLTR,1553183.0,150.6544,150.75,151.33,151.78,148.5273,1669410000000,24248
D,1702092.0,61.6042,61.39,61.53,61.97,61.25,1669410000000,18676
DPZ,184942.0,389.8502,392.56,389.06,395.0,387.31,1669410000000,8034
DOV,237894.0,143.0045,143.16,142.99,143.646,142.56,1669410000000,5802
DOW,1648145.0,51.5887,51.5,51.56,51.82,51.42,1669410000000,17738
DTE,386971.0,114.9693,114.91,114.78,115.42,114.6,1669410000000,8837
DUK,1275680.0,99.5136,99.0,99.62,99.99,98.9,1669410000000,18118
DD,1051073.0,71.3876,71.47,71.25,72.12,71.08,1669410000000,12947
DXC,514644.0,29.7206,29.74,29.68,29.9,29.61,1669410000000,5287
EMN,259948.0,86.8027,86.67,86.98,87.15,86.255,1669410000000,6695
ETN,628913.0,166.5862,166.41,166.11,167.22,165.7801,1669410000000,12151
EBAY,2329792.0,44.9183,44.67,45.04,45.21,44.56,1669410000000,23411
ECL,553353.0,149.0908,149.7,148.95,150.1,148.69,1669410000000,11086
EIX,625948.0,64.0864,64.03,64.23,64.43,63.81,1669410000000,9297
EW,1566760.0,76.1366,75.95,76.36,76.47,75.57,1669410000000,14348
EA,781275.0,129.6058,129.98,129.5,130.27,129.15,1669410000000,14405
ELV,464048.0,511.6962,509.67,513.86,514.73,508.36,1669410000000,10757
LLY,1039094.0,364.519,362.9,365.25,365.83,361.55,1669410000000,22767
EMR,1324777.0,96.2719,95.89,96.12,96.65,95.26,1669410000000,14908
ENPH,1538815.0,319.3765,315.05,319.42,323.44,310.7501,1669410000000,33297
ETR,723561.0,113.7593,113.66,113.75,114.27,112.96,1669410000000,13129
EOG,1430753.0,143.5983,142.92,142.64,144.91,142.44,1669410000000,25511
EPAM,134548.0,349.3013,345.8,349.15,352.71,344.82,1669410000000,4886
EQT,1711769.0,43.2302,43.41,43.03,43.76,42.91,1669410000000,19518
EFX,460165.0,199.6576,197.73,200.43,200.99,197.1,1669410000000,10585
EQIX,130537.0,673.1908,672.07,674.66,674.86,670.11,1669410000000,6434
EQR,801245.0,63.3341,62.95,63.53,63.53,62.7,1669410000000,9364
ESS,132885.0,212.6711,213.12,212.61,213.72,211.82,1669410000000,5295
EL,1076021.0,219.5246,220.71,220.01,221.7294,217.37,1669410000000,15519
ETSY,785031.0,119.3316,118.39,120.31,120.61,117.49,1669410000000,15366
RE,95277.0,334.3971,331.4,334.42,336.035,331.09,1669410000000,3876
EVRG,1134566.0,58.8987,58.77,59.01,59.2244,58.35,1669410000000,11272
ES,763196.0,82.4302,82.52,82.44,82.89,82.1517,1669410000000,9039
EXC,3381201.0,40.124,39.98,40.07,40.27,39.94,1669410000000,30292
EXPE,966751.0,102.257,100.34,101.5,103.56,100.1,1669410000000,20184
EXPD,1428000.0,112.624,113.61,112.77,114.23,111.18,1669410000000,18841
EXR,362399.0,155.7951,157.32,155.62,158.3469,154.76,1669410000000,7899
XOM,7136013.0,113.8526,113.88,113.21,114.61,113.06,1669410000000,68438
FFIV,224386.0,155.3224,155.74,155.27,156.44,154.83,1669410000000,5298
FDS,75220.0,454.8002,452.47,455.58,455.675,452.47,1669410000000,4116
FAST,900281.0,52.3715,52.23,52.33,52.51,52.21,1669410000000,9787
FRT,181580.0,110.1761,109.83,110.25,110.355,109.54,1669410000000,5254
FDX,445291.0,176.6227,177.25,176.7,177.77,176.01,1669410000000,9288
FITB,1016427.0,36.5197,36.54,36.48,36.665,36.38,1669410000000,11010
FRC,455883.0,124.342,124.21,124.21,124.73,123.425,1669410000000,8243
FE,669663.0,39.7968,39.6,39.86,39.87,39.6,1669410000000,8892
FIS,2400022.0,65.8234,65.99,65.98,66.18,65.29,1669410000000,23599
FISV,1446651.0,102.7548,102.08,102.49,103.48,101.87,1669410000000,18352
FLT,228237.0,192.0885,190.32,191.68,193.63,189.425,1669410000000,6522
FMC,172153.0,129.0158,128.16,129.18,129.56,128.01,1669410000000,5638
F,12980862.0,14.0435,13.96,14.08,14.11,13.9,1669410000000,37012
FTNT,2117775.0,53.1249,53.08,52.91,53.48,52.87,1669410000000,19037
FTV,518812.0,68.1016,68.12,68.07,68.38,67.855,1669410000000,6317
FBHS,549302.0,66.897,66.1,66.94,67.18,65.95,1669410000000,11120
FOXA,901106.0,31.2003,31.11,31.29,31.31,30.965,1669410000000,11595
FOX,469678.0,29.3803,29.19,29.45,29.49,29.17,1669410000000,6238
BEN,776005.0,26.6974,26.48,26.77,26.82,26.46,1669410000000,8699
FCX,5219807.0,37.3616,37.88,37.15,38.04,37.085,1669410000000,43619
GRMN,261868.0,91.1241,91.06,91.08,91.53,90.92,1669410000000,5649
IT,337531.0,342.9996,344.3,342.57,346.26,342.0,1669410000000,7523
GEN,2808669.0,23.0715,23.04,23.11,23.215,22.95,1669410000000,20126
GNRC,864433.0,105.6125,106.31,105.25,106.74,104.68,1669410000000,12110
GD,368383.0,253.3353,253.48,253.77,253.98,252.45,1669410000000,10937
GE,1894075.0,88.0739,87.7,88.14,88.38,87.35,1669410000000,23177
GIS,1319937.0,82.9787,83.25,82.97,83.6,82.64,1669410000000,18643
GM,4615339.0,40.2667,39.81,40.46,40.47,39.81,1669410000000,33494
GPC,404365.0,185.414,184.52,186.1,186.11,183.97,1669410000000,9521
GILD,4028739.0,85.9563,85.04,86.26,86.41,84.76,1669410000000,38986
GL,170751.0,117.3432,117.0,117.3,117.91,117.0,1669410000000,5021
GPN,967836.0,101.6428,100.29,101.7,102.42,100.2317,1669410000000,14195
GS,1129250.0,387.6359,385.76,388.86,389.44,385.18,1669410000000,25076
HAL,2930404.0,36.5112,36.37,36.36,36.79,36.12,1669410000000,25579
HIG,481362.0,75.9024,75.97,75.97,76.09,75.685,1669410000000,7718
HAS,509859.0,62.3138,62.17,62.1,62.72,62.08,1669410000000,10423
HCA,385133.0,239.72,238.97,239.37,241.23,237.41,1669410000000,9419
PEAK,1308942.0,25.3746,25.29,25.46,25.5,25.255,1669410000000,10173
HSIC,382742.0,81.4065,80.64,81.44,81.9,80.205,1669410000000,8380
HSY,281755.0,233.0324,233.22,233.76,233.93,231.94,1669410000000,9020
HES,642976.0,145.2455,145.49,144.76,146.2,144.0898,1669410000000,14859
HPE,5567625.0,15.8765,15.8,15.83,15.99,15.73,1669410000000,16192
HLT,977633.0,138.5918,138.3,138.25,139.3,137.09,1669410000000,19510
HOLX,450666.0,74.5666,74.52,74.93,74.94,73.83,1669410000000,8635
HD,3393533.0,326.8038,322.89,326.38,329.075,321.9,1669410000000,61104
HON,1119900.0,220.1275,217.74,220.05,220.96,217.74,1669410000000,21066
HRL,783971.0,49.2517,49.25,49.41,49.41,48.975,1669410000000,10277
HST,1434219.0,18.3749,18.23,18.46,18.47,18.17,1669410000000,9631
HWM,713942.0,38.0164,38.07,38.04,38.25,37.88,1669410000000,7858
HPQ,5959306.0,30.2406,29.8,30.15,30.74,29.71,1669410000000,42326
HUM,339402.0,541.9583,541.75,540.95,545.3,538.64,1669410000000,10335
HBAN,4746441.0,15.2664,15.16,15.24,15.39,15.155,1669410000000,18363
HII,115087.0,229.6058,229.36,230.36,230.46,228.4895,1669410000000,4035
IBM,2075156.0,148.6211,148.27,148.37,149.49,148.101,1669410000000,22399
IEX,132039.0,236.8746,234.69,236.66,237.775,233.71,1669410000000,5037
IDXX,188102.0,410.9134,412.19,411.36,413.85,407.31,1669410000000,7021
ITW,417318.0,228.8066,229.5,228.97,229.92,228.08,1669410000000,7787
ILMN,470055.0,219.7575,222.08,218.99,222.08,218.61,1669410000000,10915
INCY,238798.0,78.0989,77.33,78.26,78.26,77.27,1669410000000,4210
IR,1213052.0,53.7025,53.8,53.42,54.03,53.35,1669410000000,11898
INTC,11314878.0,29.4704,29.68,29.34,29.68,29.335,1669410000000,67105
ICE,817734.0,106.9959,106.41,107.12,107.46,106.315,1669410000000,11414
IP,861797.0,36.7254,36.8,36.72,36.91,36.54,1669410000000,10489
IPG,1044928.0,34.3883,34.2,34.5,34.5,34.2,1669410000000,8735
IFF,499107.0,101.0719,100.58,101.37,101.45,100.11,1669410000000,9000
INTU,861769.0,393.3695,394.85,392.47,395.83,391.48,1669410000000,17960
ISRG,788105.0,264.2259,263.69,265.13,265.35,261.41,1669410000000,14415
IVZ,1433433.0,19.3474,19.21,19.41,19.49,19.15,1669410000000,11325
INVH,1070603.0,31.6343,31.58,31.72,31.79,31.42,1669410000000,10862
IQV,253521.0,219.4775,218.6,219.98,220.425,217.825,1669410000000,5967
IRM,535371.0,53.6092,53.69,53.56,53.95,53.23,1669410000000,6585
JBHT,254775.0,182.0248,181.4,182.6,182.705,178.92,1669410000000,7472
JKHY,196633.0,191.2763,190.31,191.42,191.76,190.29,1669410000000,6218
J,227412.0,123.7892,123.18,123.62,124.51,122.71,1669410000000,6306
JNJ,3058608.0,177.2203,177.38,177.24,178.12,176.86,1669410000000,31987
JCI,1430975.0,66.9745,67.12,66.85,67.31,66.72,1669410000000,20243
JPM,3220496.0,136.654,136.48,136.74,137.14,136.055,1669410000000,45027
JNPR,1287791.0,32.0393,32.01,32.02,32.15,31.93,1669410000000,11168
K,1045005.0,72.7056,72.84,72.8,72.9,72.4575,1669410000000,13271
KDP,3574330.0,38.2748,38.25,38.25,38.41,38.12,1669410000000,26780
KEY,2839933.0,19.0324,19.06,19.03,19.085,18.98,1669410000000,12918
KEYS,413623.0,176.5574,176.5,176.62,177.25,175.88,1669410000000,8795
KMB,540494.0,134.5913,134.22,135.03,135.03,134.0,1669410000000,10995
KIM,1081884.0,22.6899,22.57,22.72,22.79,22.57,1669410000000,9486
KMI,5981404.0,18.6752,18.7,18.63,18.78,18.59,1669410000000,22461
KLAC,624364.0,381.0016,382.0,380.02,384.52,380.0,1669410000000,11487
KHC,3595280.0,39.0122,39.08,38.9,39.18,38.87,1669410000000,24110
KR,2438770.0,48.6947,47.9,49.04,49.04,47.9,1669410000000,24387
LHX,232329.0,228.2489,227.98,228.68,228.96,226.855,1669410000000,6638
LH,211058.0,240.1346,238.98,241.37,241.38,238.63,1669410000000,5830
LRCX,378949.0,455.4177,456.34,453.25,458.94,453.25,1669410000000,10712
LW,493827.0,86.3077,86.08,86.15,86.76,85.629,1669410000000,8189
LVS,2533647.0,42.9675,43.34,43.17,43.34,42.55,1669410000000,25267
LDOS,268932.0,108.5145,108.2,108.89,108.89,108.0,1669410000000,5470
LEN,505900.0,86.3158,85.79,86.38,86.72,85.77,1669410000000,9450
LNC,573475.0,38.8659,38.95,38.85,39.22,38.69,1669410000000,8680
LIN,458541.0,343.886,343.26,344.42,344.58,342.5045,1669410000000,10613
LYV,660766.0,68.6292,68.57,68.46,69.15,68.16,1669410000000,10889
LKQ,387772.0,54.801,54.95,54.86,55.015,54.56,1669410000000,7642
LMT,321504.0,483.3353,484.3,483.46,484.5,481.415,1669410000000,11502
L,277939.0,57.3749,57.6,57.41,57.65,57.18,1669410000000,5845
LOW,975678.0,210.829,211.36,210.97,211.83,210.01,1669410000000,19675
LUMN,8111487.0,5.8515,5.88,5.84,5.94,5.795,1669410000000,23000
LYB,1465163.0,86.9159,87.06,86.79,87.585,86.48,1669410000000,19447
MTB,316459.0,171.9095,172.55,172.14,172.585,171.29,1669410000000,7982
MRO,3347853.0,30.5278,30.8,30.38,30.85,30.3,1669410000000,29188
MPC,1588506.0,126.5074,126.22,125.2,127.62,125.07,1669410000000,26143
MKTX,62884.0,256.7961,256.81,256.84,257.66,255.29,1669410000000,3276
MAR,918743.0,162.8532,161.57,162.53,163.84,161.25,1669410000000,18102
MMC,535154.0,171.9493,171.48,171.82,172.44,170.58,1669410000000,8925
MLM,103864.0,367.0763,363.74,367.59,368.44,363.74,1669410000000,4090
MAS,443968.0,50.8163,50.54,50.93,50.98,50.32,1669410000000,7172
MA,944409.0,350.2775,348.96,351.29,351.4,348.075,1669410000000,22930
MTCH,883505.0,47.3186,47.71,47.27,47.96,46.89,1669410000000,14290
MKC,1003054.0,84.8554,86.28,84.91,86.28,84.41,1669410000000,15801
MCD,1596579.0,274.7786,274.51,275.0,275.315,272.86,1669410000000,33506
MCK,330401.0,382.968,383.6,383.34,387.03,380.91,1669410000000,11704
MDT,4879811.0,79.144,79.32,79.12,79.72,78.75,1669410000000,41743
MRK,3163683.0,107.2019,106.56,107.5,107.5,106.56,1669410000000,31161
META,12007566.0,111.532,111.3,111.41,112.73,111.02,1669410000000,115714
MET,1196455.0,77.0692,76.89,76.95,77.36,76.81,1669410000000,15095
MTD,34695.0,1447.8538,1444.22,1449.69,1455.135,1438.27,1669410000000,2519
MGM,1779341.0,35.6696,35.81,35.73,35.92,35.455,1669410000000,19268
MCHP,1753429.0,76.0312,76.26,75.67,76.73,75.63,1669410000000,21163
MU,4360454.0,58.7237,58.67,58.41,59.13,58.39,1669410000000,48312
MSFT,9200772.0,247.6767,247.31,247.49,248.7,246.73,1669410000000,126714
MAA,176378.0,161.0742,161.67,161.46,162.54,160.36,1669410000000,5681
MRNA,1221141.0,176.5705,175.01,176.4,179.14,173.41,1669410000000,24771
MHK,110582.0,102.9505,101.58,102.91,103.52,101.58,1669410000000,3520
MOH,228163.0,327.0734,321.57,327.08,329.22,321.57,1669410000000,8912
TAP,378213.0,55.4776,55.27,55.58,55.65,55.14,1669410000000,6464
MDLZ,2212168.0,66.6445,66.67,66.69,66.82,66.485,1669410000000,21176
MPWR,213418.0,370.5651,370.43,369.28,372.5408,369.15,1669410000000,6435
MNST,867576.0,103.5444,103.89,103.37,103.95,103.3,1669410000000,13516
MCO,430382.0,300.2039,296.49,301.0,302.33,295.73,1669410000000,10630
MS,2450129.0,90.6944,89.65,90.91,91.0799,89.47,1669410000000,28244
MOS,1617919.0,51.4453,50.58,51.77,51.79,50.51,1669410000000,18253
MSI,212115.0,268.1385,267.29,268.43,268.9094,266.15,1669410000000,7201
MSCI,94693.0,511.6066,509.74,512.26,513.455,506.04,1669410000000,3670
NDAQ,605040.0,67.3144,67.13,67.15,67.61,66.74,1669410000000,9612
NTAP,486206.0,74.8052,74.62,74.66,75.19,74.25,1669410000000,10427
NFLX,3235953.0,286.2049,289.0,285.54,289.21,284.17,1669410000000,59667
NWL,1691474.0,13.3026,13.18,13.35,13.43,13.14,1669410000000,12276
NEM,2673234.0,46.0754,46.37,45.85,46.59,45.8,1669410000000,27589
NWSA,1234284.0,18.2924,18.17,18.3,18.475,18.09,1669410000000,12661
NWS,765853.0,18.5528,18.45,18.58,18.705,18.32,1669410000000,8512
NEE,3622249.0,85.3893,85.27,85.34,85.8,85.13,1669410000000,26526
NKE,3426135.0,106.1418,106.45,105.96,107.18,105.56,1669410000000,44929
NI,923800.0,27.2486,27.25,27.29,27.35,27.12,1669410000000,9946
NDSN,79790.0,235.6706,235.28,236.08,236.11,234.5809,1669410000000,3137
NSC,347481.0,253.2012,252.03,252.32,254.49,251.72,1669410000000,9700
NTRS,231056.0,94.1509,94.37,94.36,94.515,93.68,1669410000000,6040
NOC,254357.0,527.3631,526.87,527.83,529.79,522.08,1669410000000,8679
NCLH,4881409.0,16.5205,16.37,16.43,16.705,16.26,1669410000000,28173
NRG,916172.0,42.2537,42.43,42.16,42.57,42.01,1669410000000,10481
NUE,578035.0,149.2273,149.79,149.19,150.93,148.5,1669410000000,12475
NVDA,16793430.0,163.4959,163.18,162.7,164.87,161.72,1669410000000,150015
NVR,16150.0,4510.4578,4500.0,4498.76,4546.0,4472.46,1669410000000,2347
NXPI,735363.0,173.4311,174.97,172.69,175.52,172.69,1669410000000,15096
ORLY,154202.0,854.9082,850.13,855.97,858.38,848.45,1669410000000,10345
OXY,5426469.0,70.7443,71.18,70.28,71.28,70.14,1669410000000,41900
ODFL,227121.0,294.9454,294.81,293.99,297.58,293.72,1669410000000,8536
OMC,382533.0,78.9077,78.19,79.15,79.3,77.98,1669410000000,7281
ON,2005984.0,73.7238,73.8,73.4,74.61,73.37,1669410000000,24244
OKE,757238.0,65.6554,65.75,65.42,66.11,65.31,1669410000000,10832
ORCL,2754876.0,83.0158,82.85,82.72,83.485,82.535,1669410000000,29447
OGN,641399.0,24.9603,24.8,25.11,25.11,24.751,1669410000000,6920
OTIS,971086.0,78.6301,78.54,78.67,79.0175,78.22,1669410000000,10815
PCAR,673359.0,105.3747,106.06,105.03,106.2,104.94,1669410000000,11666
PKG,232066.0,133.1014,133.04,132.97,133.71,132.62,1669410000000,5236
PARA,4850346.0,19.8755,19.595,19.91,20.05,19.54,1669410000000,30985
PH,344403.0,306.9671,307.73,306.03,308.35,305.76,1669410000000,9759
PAYX,599587.0,123.1592,123.22,123.21,123.715,122.67,1669410000000,11607
PAYC,124725.0,326.5724,327.0,327.1,328.43,323.87,1669410000000,4741
PYPL,4634524.0,80.0805,80.6,80.08,80.75,79.416,1669410000000,53673
PNR,328863.0,46.124,46.05,46.19,46.26,45.8,1669410000000,5475
PEP,1836993.0,184.2841,184.58,184.11,185.0,183.94,1669410000000,23713
PKI,194353.0,136.8262,137.06,136.93,137.61,135.87,1669410000000,5744
PFE,6760162.0,49.0515,48.93,49.21,49.22,48.835,1669410000000,43194
PCG,4822568.0,15.31,15.25,15.37,15.385,15.185,1669410000000,17774
PM,1299010.0,98.1754,98.01,98.25,98.58,97.76,1669410000000,14740
PSX,1409419.0,111.0565,111.04,110.78,111.81,110.35,1669410000000,19048
PNW,341854.0,76.6025,76.4,76.5,77.13,76.395,1669410000000,5833
PXD,1078169.0,254.9067,255.4,254.14,258.06,253.28,1669410000000,24280
PNC,597492.0,167.9769,167.96,167.65,168.82,167.04,1669410000000,11253
POOL,229138.0,330.3269,332.97,328.82,334.6,327.84,1669410000000,7468
PPG,320312.0,132.9033,132.35,133.36,133.37,132.17,1669410000000,7991
PPL,1675499.0,29.2373,29.15,29.23,29.315,29.15,1669410000000,13458
PFG,626025.0,92.0768,91.99,92.47,92.485,91.64,1669410000000,12346
PG,2411113.0,146.6701,146.785,146.72,147.2,146.4,1669410000000,34320
PGR,1029864.0,131.5164,131.5,131.57,132.93,130.68,1669410000000,14289
PLD,1341334.0,115.9892,116.11,116.39,116.94,115.26,1669410000000,17263
PRU,581264.0,107.8562,107.44,107.77,108.38,107.37,1669410000000,10730
PEG,1123080.0,59.2407,59.19,59.22,59.485,59.04,1669410000000,11682
PTC,349801.0,124.2573,124.0,124.63,124.89,122.71,1669410000000,8151
PSA,394028.0,298.4996,299.66,298.61,302.72,296.5,1669410000000,9376
PHM,987982.0,44.428,44.27,44.52,44.58,44.2,1669410000000,11079
QRVO,371005.0,96.578,97.3,95.94,97.7,95.93,1669410000000,8085
PWR,271728.0,148.3723,146.93,148.52,149.19,146.47,1669410000000,7217
QCOM,3153811.0,124.2696,124.86,123.45,125.36,123.4,1669410000000,43964
DGX,459112.0,148.5132,148.88,149.06,149.6962,147.59,1669410000000,10527
RL,759941.0,109.3375,107.27,109.47,110.33,107.26,1669410000000,13026
RJF,632892.0,120.1357,119.92,119.56,120.8,119.18,1669410000000,11511
RTX,1313249.0,97.5036,97.345,97.47,97.8,97.18,1669410000000,18324
O,1691198.0,64.7576,64.81,64.85,64.96,64.53,1669410000000,24588
REG,341984.0,66.1968,66.43,66.27,66.52,65.88,1669410000000,6246
REGN,229209.0,734.6966,732.69,736.23,737.24,728.61,1669410000000,9415
RF,1377504.0,22.896,22.85,22.87,22.9755,22.795,1669410000000,9775
RSG,510233.0,136.9895,136.49,136.88,137.4384,136.04,1669410000000,10312
RMD,196383.0,229.7361,229.8,229.92,231.0,229.03,1669410000000,6513
RHI,213536.0,77.6162,77.01,77.81,77.84,76.98,1669410000000,5022
ROK,287671.0,265.5175,266.32,264.86,268.25,264.37,1669410000000,8191
ROL,597150.0,39.9603,39.86,39.99,40.15,39.78,1669410000000,7938
ROP,177661.0,436.4725,433.41,436.38,438.96,432.55,1669410000000,6432
ROST,1134493.0,115.6292,116.54,115.94,116.81,114.92,1669410000000,20185
RCL,1075830.0,59.7961,59.34,59.68,60.308,59.07,1669410000000,14455
SPGI,763527.0,356.2465,355.05,357.91,358.31,352.53,1669410000000,19060
CRM,3023746.0,152.9462,152.07,153.35,154.04,151.38,1669410000000,44046
SBAC,313866.0,297.147,297.74,296.54,299.245,295.12,1669410000000,7581
SLB,4951882.0,51.0993,51.14,50.83,51.52,50.53,1669410000000,48987
STX,883006.0,54.7326,54.6,54.7,55.42,54.43,1669410000000,9344
SEE,288490.0,52.2184,52.26,52.31,52.45,51.98,1669410000000,6293
SRE,402032.0,163.4123,163.92,163.46,164.335,162.6,1669410000000,8191
NOW,401410.0,406.7385,406.68,407.21,409.61,403.98,1669410000000,11806
SHW,403941.0,249.1217,248.0,249.52,249.87,246.94,1669410000000,9627
SBNY,291634.0,139.8201,139.0,140.24,140.59,138.53,1669410000000,7290
SPG,548243.0,120.2286,119.97,120.7,120.7,119.71,1669410000000,10397
SWKS,1102528.0,93.8109,94.77,92.91,94.929,92.89,1669410000000,15826
SJM,319180.0,150.4641,149.7,151.26,151.26,149.51,1669410000000,7843
SNA,100654.0,242.7126,242.75,242.78,243.92,241.47,1669410000000,3963
SEDG,456697.0,303.8187,302.08,301.91,308.79,297.16,1669410000000,11997
SO,1435619.0,66.8949,66.63,66.91,67.19,66.53,1669410000000,16927
LUV,2326013.0,39.2941,38.6,39.22,39.575,38.565,1669410000000,25122
SWK,496647.0,82.9276,82.54,83.08,83.24,82.415,1669410000000,8427
SBUX,2320020.0,99.3386,99.64,99.56,99.88,98.52,1669410000000,31607
STT,1030808.0,77.1381,77.16,77.06,77.68,76.71,1669410000000,11891
STE,141819.0,180.5183,181.42,180.58,181.42,179.84,1669410000000,5492
SYK,412960.0,232.5499,231.6,232.74,233.29,230.52,1669410000000,9986
SIVB,268465.0,221.7094,222.03,222.6,223.0,219.07,1669410000000,7573
SYF,1475292.0,37.0414,36.74,37.05,37.31,36.57,1669410000000,16058
SNPS,247503.0,333.1857,333.32,332.64,334.82,331.785,1669410000000,7110
SYY,615364.0,86.3269,86.1,86.45,86.54,85.86,1669410000000,8038
TMUS,1481155.0,151.1493,151.17,151.05,151.7892,150.22,1669410000000,21156
TROW,707856.0,124.4742,124.0,125.05,125.34,122.75,1669410000000,14016
TTWO,939706.0,102.9878,102.47,102.63,103.67,102.24,1669410000000,17566
TPR,2153601.0,37.136,36.87,37.07,37.45,36.81,1669410000000,21875
TRGP,372673.0,73.5639,74.07,73.31,74.31,73.18,1669410000000,6350
TGT,1881818.0,163.0384,163.5,163.38,163.96,161.6,1669410000000,29071
TEL,654229.0,127.9642,127.68,127.99,128.61,127.31,1669410000000,9249
TDY,59826.0,419.9832,421.0,420.17,421.44,417.94,1669410000000,2853
TFX,151613.0,225.3972,225.39,225.54,226.655,224.57,1669410000000,4757
TER,530290.0,92.867,93.08,92.59,93.7,92.58,1669410000000,9998
TSLA,50672739.0,182.9317,185.06,182.86,185.2,180.63,1669410000000,584237
TXN,1586355.0,177.9002,179.25,177.07,179.285,177.03,1669410000000,22951
TXT,298948.0,71.3138,71.34,71.48,71.5,70.875,1669410000000,5991
TMO,549168.0,550.0605,550.49,551.25,554.46,547.37,1669410000000,13648
TJX,2454070.0,80.7089,81.0,81.03,81.1652,80.19,1669410000000,29406
TSCO,416340.0,224.5006,227.42,224.02,228.1,223.2709,1669410000000,11038
TT,431815.0,179.0382,180.03,178.95,180.03,178.27,1669410000000,8576
TDG,74255.0,635.6013,639.61,636.54,639.61,632.27,1669410000000,3825
TRV,514675.0,188.5169,188.9,188.91,189.53,187.68,1669410000000,11607
TRMB,362257.0,58.4486,58.53,58.54,58.8,58.12,1669410000000,4956
TFC,1651033.0,46.8726,46.66,46.92,47.07,46.51,1669410000000,14149
TYL,130054.0,330.9914,332.18,330.88,333.93,327.93,1669410000000,5597
TSN,2009660.0,67.4874,67.27,67.33,67.87,67.22,1669410000000,18037
USB,2564603.0,44.2385,44.25,44.26,44.392,44.0575,1669410000000,23995
UDR,889400.0,40.6283,40.25,40.73,40.75,40.21,1669410000000,11581
ULTA,239964.0,447.5743,448.58,448.35,448.8638,444.62,1669410000000,10778
UNP,1101944.0,214.188,213.0,213.33,215.42,212.48,1669410000000,22427
UAL,2398421.0,44.2836,43.6,44.42,44.5908,43.54,1669410000000,22992
UPS,912447.0,182.9215,183.645,182.52,183.89,182.205,1669410000000,17907
URI,197657.0,359.5264,360.0,359.03,361.9899,355.0,1669410000000,7351
UNH,1419205.0,537.733,534.0,537.62,540.85,532.52,1669410000000,37077
UHS,274277.0,132.1565,131.97,132.73,132.73,130.06,1669410000000,7427
VLO,998236.0,139.5137,139.5,138.4,140.98,138.28,1669410000000,17532
VTR,915844.0,45.369,45.03,45.49,45.73,44.83,1669410000000,11493
VRSN,282043.0,198.4461,198.0,198.87,199.07,195.9,1669410000000,8287
VRSK,454831.0,182.6207,180.99,182.87,183.67,180.0,1669410000000,9684
VZ,7725741.0,39.1157,39.1,39.02,39.3585,38.97,1669410000000,49838
VRTX,713667.0,313.4638,315.17,312.98,317.03,312.01,1669410000000,18874
VFC,1807551.0,34.2228,33.66,34.34,34.39,33.66,1669410000000,21163
VTRS,5012070.0,11.0608,11.01,11.14,11.14,10.9,1669410000000,19196
VICI,2709199.0,33.3338,33.37,33.36,33.445,33.2,1669410000000,16557
V,1993541.0,213.2279,211.71,213.79,214.0,211.385,1669410000000,38156
VNO,1421260.0,24.9709,24.56,25.08,25.08,24.51,1669410000000,8932
VMC,170375.0,182.7351,182.03,183.34,183.34,181.43,1669410000000,4999
WAB,191228.0,100.8118,100.01,100.88,101.12,100.01,1669410000000,5185
WBA,2225476.0,41.7011,41.67,41.66,41.97,41.42,1669410000000,22154
WMT,2925807.0,152.4332,152.12,153.07,153.09,151.8627,1669410000000,50095
WBD,10129364.0,11.4494,11.18,11.47,11.59,11.11,1669410000000,44230
WM,911134.0,164.4763,164.76,164.46,165.28,163.79,1669410000000,11637
WAT,86165.0,337.4751,335.77,338.03,339.34,333.755,1669410000000,3773
WEC,466576.0,98.5939,98.4,98.66,98.86,98.07,1669410000000,8683
WFC,4913253.0,47.427,47.36,47.44,47.64,47.015,1669410000000,41211
WELL,956614.0,69.383,69.45,69.53,69.73,68.985,1669410000000,11753
WST,362592.0,226.2264,227.8,226.65,228.11,223.48,1669410000000,8268
WDC,1221389.0,37.2806,36.63,37.34,37.47,36.56,1669410000000,15561
WRK,390033.0,37.5103,37.6,37.51,37.73,37.4,1669410000000,5673
WY,1130264.0,32.3244,32.15,32.31,32.489,32.15,1669410000000,8763
WHR,189977.0,148.7948,147.79,148.77,149.77,147.79,1669410000000,4622
WMB,2108078.0,33.9837,33.94,33.9,34.15,33.81,1669410000000,16514
WTW,214635.0,243.3942,242.33,244.02,244.16,241.18,1669410000000,6942
GWW,71435.0,605.6864,606.82,604.25,608.4,601.26,1669410000000,4515
WYNN,1311556.0,75.1238,75.83,74.93,75.87,74.31,1669410000000,18542
XEL,1193264.0,69.6609,69.47,69.63,69.9,69.27,1669410000000,13604
XYL,539552.0,113.7257,113.74,113.5,114.17,113.41,1669410000000,7190
YUM,870561.0,126.5442,125.86,126.53,127.5,125.385,1669410000000,12719
ZBRA,202392.0,271.0227,270.5,271.9,272.3,269.62,1669410000000,7611
ZBH,427925.0,119.1145,118.45,119.21,119.545,118.3211,1669410000000,9205
ZION,309381.0,51.6441,51.54,51.75,51.77,51.05,1669410000000,5619
ZTS,889532.0,149.7951,150.47,150.1,150.85,148.65,1669410000000,15263
